3cc39f92-e725-4db2-ad28-da3438ddc495_(t),cc68ecef-13d8-44d0-8734-8e1d93b536e2_(t),14fbfb3c-b94c-42dc-80a8-87e043d31b51_(t),3cc39f92-e725-4db2-ad28-da3438ddc495_(t-1),cc68ecef-13d8-44d0-8734-8e1d93b536e2_(t-1)
0.298,0.454,0.0,0.307,0.462
0.294,0.451,1.0,0.298,0.454
0.306,0.441,1.0,0.294,0.451
0.306,0.454,1.0,0.306,0.441
0.299,0.455,0.0,0.306,0.454
0.301,0.454,0.0,0.299,0.455
0.307,0.45,0.0,0.301,0.454
0.295,0.45,0.0,0.307,0.45
0.29,0.46,0.0,0.295,0.45
0.287,0.463,0.0,0.29,0.46
0.282,0.466,0.0,0.287,0.463
0.279,0.47,0.0,0.282,0.466
0.291,0.478,0.0,0.279,0.47
0.284,0.485,0.0,0.291,0.478
0.288,0.479,0.0,0.284,0.485
0.289,0.481,0.0,0.288,0.479
0.295,0.488,0.0,0.289,0.481
0.283,0.477,0.0,0.295,0.488
0.289,0.473,0.0,0.283,0.477
0.287,0.475,1.0,0.289,0.473
0.278,0.466,0.0,0.287,0.475
0.282,0.464,0.0,0.278,0.466
0.275,0.475,0.0,0.282,0.464
0.281,0.474,0.0,0.275,0.475
0.286,0.474,0.0,0.281,0.474
0.278,0.458,0.0,0.286,0.474
0.277,0.446,0.0,0.278,0.458
0.281,0.451,0.0,0.277,0.446
0.285,0.438,1.0,0.281,0.451
0.29,0.449,1.0,0.285,0.438
0.287,0.446,1.0,0.29,0.449
0.287,0.444,1.0,0.287,0.446
0.293,0.442,1.0,0.287,0.444
0.304,0.442,0.0,0.293,0.442
0.297,0.438,0.0,0.304,0.442
0.294,0.436,0.0,0.297,0.438
0.3,0.432,0.0,0.294,0.436
0.298,0.451,0.0,0.3,0.432
0.314,0.458,1.0,0.298,0.451
0.31,0.44,1.0,0.314,0.458
0.295,0.466,2.0,0.31,0.44
0.3,0.477,1.0,0.295,0.466
0.292,0.475,1.0,0.3,0.477
0.295,0.472,1.0,0.292,0.475
0.292,0.471,1.0,0.295,0.472
0.283,0.479,0.0,0.292,0.471
0.28,0.489,0.0,0.283,0.479
0.282,0.482,0.0,0.28,0.489
0.288,0.457,0.0,0.282,0.482
0.287,0.472,0.0,0.288,0.457
0.294,0.484,0.0,0.287,0.472
0.289,0.468,0.0,0.294,0.484
0.294,0.468,0.0,0.289,0.468
0.287,0.471,0.0,0.294,0.468
0.287,0.475,0.0,0.287,0.471
0.283,0.474,0.0,0.287,0.475
0.28,0.476,1.0,0.283,0.474
0.286,0.466,1.0,0.28,0.476
0.284,0.448,1.0,0.286,0.466
0.285,0.436,1.0,0.284,0.448
0.288,0.444,1.0,0.285,0.436
0.297,0.46,1.0,0.288,0.444
0.304,0.453,1.0,0.297,0.46
0.303,0.448,1.0,0.304,0.453
0.294,0.455,1.0,0.303,0.448
0.294,0.471,0.0,0.294,0.455
0.294,0.456,0.0,0.294,0.471
0.288,0.458,0.0,0.294,0.456
0.296,0.445,1.0,0.288,0.458
0.301,0.428,1.0,0.296,0.445
0.295,0.422,1.0,0.301,0.428
0.291,0.416,0.0,0.295,0.422
0.302,0.416,0.0,0.291,0.416
0.291,0.422,0.0,0.302,0.416
0.291,0.423,0.0,0.291,0.422
0.284,0.408,0.0,0.291,0.423
0.286,0.413,1.0,0.284,0.408
0.298,0.411,2.0,0.286,0.413
0.296,0.407,2.0,0.298,0.411
0.289,0.419,2.0,0.296,0.407
0.285,0.419,2.0,0.289,0.419
0.282,0.44,1.0,0.285,0.419
0.304,0.427,2.0,0.282,0.44
0.301,0.424,1.0,0.304,0.427
0.301,0.441,1.0,0.301,0.424
0.309,0.445,1.0,0.301,0.441
0.313,0.446,1.0,0.309,0.445
0.333,0.467,1.0,0.313,0.446
0.328,0.472,1.0,0.333,0.467
0.306,0.462,1.0,0.328,0.472
0.306,0.456,0.0,0.306,0.462
0.286,0.451,0.0,0.306,0.456
0.294,0.437,0.0,0.286,0.451
0.292,0.431,1.0,0.294,0.437
0.279,0.433,0.0,0.292,0.431
0.283,0.421,0.0,0.279,0.433
0.284,0.43,0.0,0.283,0.421
0.272,0.429,0.0,0.284,0.43
0.274,0.44,0.0,0.272,0.429
0.267,0.442,0.0,0.274,0.44
0.27,0.468,0.0,0.267,0.442
0.276,0.482,0.0,0.27,0.468
0.281,0.481,1.0,0.276,0.482
0.279,0.471,0.0,0.281,0.481
0.293,0.486,1.0,0.279,0.471
0.285,0.485,1.0,0.293,0.486
0.292,0.481,1.0,0.285,0.485
0.293,0.482,1.0,0.292,0.481
0.3,0.497,1.0,0.293,0.482
0.296,0.482,0.0,0.3,0.497
0.301,0.478,0.0,0.296,0.482
0.303,0.448,1.0,0.301,0.478
0.29,0.427,1.0,0.303,0.448
0.304,0.419,1.0,0.29,0.427
0.29,0.445,0.0,0.304,0.419
0.286,0.451,0.0,0.29,0.445
0.287,0.452,0.0,0.286,0.451
0.289,0.442,0.0,0.287,0.452
0.287,0.442,1.0,0.289,0.442
0.3,0.45,1.0,0.287,0.442
0.309,0.446,0.0,0.3,0.45
0.296,0.431,1.0,0.309,0.446
0.283,0.442,0.0,0.296,0.431
0.284,0.446,0.0,0.283,0.442
0.28,0.446,0.0,0.284,0.446
0.291,0.448,0.0,0.28,0.446
0.285,0.438,0.0,0.291,0.448
0.286,0.445,1.0,0.285,0.438
0.284,0.457,1.0,0.286,0.445
0.297,0.46,1.0,0.284,0.457
0.299,0.454,1.0,0.297,0.46
0.297,0.448,2.0,0.299,0.454
0.29,0.452,2.0,0.297,0.448
0.293,0.435,2.0,0.29,0.452
0.301,0.435,0.0,0.293,0.435
0.295,0.43,0.0,0.301,0.435
0.302,0.431,0.0,0.295,0.43
0.306,0.428,0.0,0.302,0.431
0.303,0.429,1.0,0.306,0.428
0.304,0.45,1.0,0.303,0.429
0.302,0.453,0.0,0.304,0.45
0.306,0.45,1.0,0.302,0.453
0.31,0.439,1.0,0.306,0.45
0.299,0.441,1.0,0.31,0.439
0.299,0.455,1.0,0.299,0.441
0.301,0.456,1.0,0.299,0.455
0.29,0.464,0.0,0.301,0.456
0.291,0.463,0.0,0.29,0.464
0.307,0.455,0.0,0.291,0.463
0.298,0.448,0.0,0.307,0.455
0.292,0.449,0.0,0.298,0.448
0.292,0.457,0.0,0.292,0.449
0.303,0.47,1.0,0.292,0.457
0.299,0.461,1.0,0.303,0.47
0.302,0.465,1.0,0.299,0.461
0.313,0.465,1.0,0.302,0.465
0.317,0.453,0.0,0.313,0.465
0.322,0.449,1.0,0.317,0.453
0.316,0.454,0.0,0.322,0.449
0.3,0.44,0.0,0.316,0.454
0.291,0.44,1.0,0.3,0.44
0.288,0.429,1.0,0.291,0.44
0.285,0.437,0.0,0.288,0.429
0.283,0.424,1.0,0.285,0.437
0.276,0.419,1.0,0.283,0.424
0.287,0.428,1.0,0.276,0.419
0.278,0.446,1.0,0.287,0.428
0.291,0.441,0.0,0.278,0.446
0.288,0.435,0.0,0.291,0.441
0.3,0.43,0.0,0.288,0.435
0.299,0.433,0.0,0.3,0.43
0.298,0.437,0.0,0.299,0.433
0.293,0.435,0.0,0.298,0.437
0.29,0.432,0.0,0.293,0.435
0.292,0.43,0.0,0.29,0.432
0.29,0.428,0.0,0.292,0.43
0.289,0.435,0.0,0.29,0.428
0.29,0.435,0.0,0.289,0.435
0.29,0.434,0.0,0.29,0.435
0.29,0.445,0.0,0.29,0.434
0.291,0.447,0.0,0.29,0.445
0.285,0.44,0.0,0.291,0.447
0.284,0.436,0.0,0.285,0.44
0.28,0.434,0.0,0.284,0.436
0.282,0.444,0.0,0.28,0.434
0.276,0.445,0.0,0.282,0.444
0.303,0.445,0.0,0.276,0.445
0.295,0.441,0.0,0.303,0.445
0.289,0.449,0.0,0.295,0.441
0.292,0.465,0.0,0.289,0.449
0.303,0.469,0.0,0.292,0.465
0.305,0.473,0.0,0.303,0.469
0.3,0.479,0.0,0.305,0.473
0.288,0.49,0.0,0.3,0.479
0.29,0.485,0.0,0.288,0.49
0.288,0.497,0.0,0.29,0.485
0.284,0.491,0.0,0.288,0.497
0.295,0.478,0.0,0.284,0.491
0.306,0.469,1.0,0.295,0.478
0.314,0.462,1.0,0.306,0.469
0.311,0.458,1.0,0.314,0.462
0.299,0.453,0.0,0.311,0.458
0.295,0.437,0.0,0.299,0.453
0.298,0.446,0.0,0.295,0.437
0.296,0.449,0.0,0.298,0.446
0.293,0.442,0.0,0.296,0.449
0.294,0.459,1.0,0.293,0.442
0.299,0.473,0.0,0.294,0.459
0.299,0.486,0.0,0.299,0.473
0.303,0.491,0.0,0.299,0.486
0.314,0.492,0.0,0.303,0.491
0.312,0.494,0.0,0.314,0.492
0.305,0.507,0.0,0.312,0.494
0.309,0.494,0.0,0.305,0.507
0.305,0.496,1.0,0.309,0.494
0.301,0.496,1.0,0.305,0.496
0.296,0.484,0.0,0.301,0.496
0.296,0.469,0.0,0.296,0.484
0.288,0.459,1.0,0.296,0.469
0.291,0.465,1.0,0.288,0.459
0.292,0.463,0.0,0.291,0.465
0.291,0.451,1.0,0.292,0.463
0.289,0.446,1.0,0.291,0.451
0.282,0.449,0.0,0.289,0.446
0.277,0.44,0.0,0.282,0.449
0.298,0.442,0.0,0.277,0.44
0.292,0.436,0.0,0.298,0.442
0.293,0.456,1.0,0.292,0.436
0.297,0.432,1.0,0.293,0.456
0.297,0.427,0.0,0.297,0.432
0.3,0.423,0.0,0.297,0.427
0.289,0.417,0.0,0.3,0.423
0.302,0.414,0.0,0.289,0.417
0.284,0.422,0.0,0.302,0.414
0.28,0.42,0.0,0.284,0.422
0.278,0.429,0.0,0.28,0.42
0.275,0.434,0.0,0.278,0.429
0.276,0.425,0.0,0.275,0.434
0.282,0.435,0.0,0.276,0.425
0.285,0.435,0.0,0.282,0.435
0.283,0.446,0.0,0.285,0.435
0.284,0.448,0.0,0.283,0.446
0.284,0.45,0.0,0.284,0.448
0.29,0.442,0.0,0.284,0.45
0.294,0.449,0.0,0.29,0.442
0.294,0.452,0.0,0.294,0.449
0.296,0.447,0.0,0.294,0.452
0.295,0.435,0.0,0.296,0.447
0.279,0.425,0.0,0.295,0.435
0.278,0.432,0.0,0.279,0.425
0.292,0.439,0.0,0.278,0.432
0.293,0.447,0.0,0.292,0.439
0.3,0.44,0.0,0.293,0.447
0.308,0.443,0.0,0.3,0.44
0.308,0.435,0.0,0.308,0.443
0.297,0.434,0.0,0.308,0.435
0.283,0.433,0.0,0.297,0.434
0.293,0.444,0.0,0.283,0.433
0.293,0.44,0.0,0.293,0.444
0.304,0.44,1.0,0.293,0.44
0.305,0.441,1.0,0.304,0.44
0.308,0.434,1.0,0.305,0.441
0.308,0.424,1.0,0.308,0.434
0.315,0.444,1.0,0.308,0.424
0.308,0.444,2.0,0.315,0.444
0.315,0.441,1.0,0.308,0.444
0.32,0.448,1.0,0.315,0.441
0.313,0.462,1.0,0.32,0.448
0.308,0.456,1.0,0.313,0.462
0.307,0.451,0.0,0.308,0.456
0.303,0.459,0.0,0.307,0.451
0.298,0.459,0.0,0.303,0.459
0.3,0.456,0.0,0.298,0.459
0.302,0.46,0.0,0.3,0.456
0.312,0.471,0.0,0.302,0.46
0.305,0.469,1.0,0.312,0.471
0.308,0.473,2.0,0.305,0.469
0.301,0.453,1.0,0.308,0.473
0.304,0.459,1.0,0.301,0.453
0.308,0.464,1.0,0.304,0.459
0.309,0.47,1.0,0.308,0.464
0.314,0.468,1.0,0.309,0.47
0.314,0.467,2.0,0.314,0.468
0.282,0.465,1.0,0.314,0.467
0.294,0.463,0.0,0.282,0.465
0.29,0.458,0.0,0.294,0.463
0.291,0.459,0.0,0.29,0.458
0.307,0.464,0.0,0.291,0.459
0.308,0.483,0.0,0.307,0.464
0.305,0.478,0.0,0.308,0.483
0.29,0.474,0.0,0.305,0.478
0.303,0.48,0.0,0.29,0.474
0.287,0.485,0.0,0.303,0.48
0.285,0.492,0.0,0.287,0.485
0.285,0.492,0.0,0.285,0.492
0.297,0.472,0.0,0.285,0.492
0.298,0.466,0.0,0.297,0.472
0.294,0.466,0.0,0.298,0.466
0.302,0.455,0.0,0.294,0.466
0.311,0.45,0.0,0.302,0.455
0.298,0.454,1.0,0.311,0.45
0.292,0.439,2.0,0.298,0.454
0.291,0.435,1.0,0.292,0.439
0.291,0.434,1.0,0.291,0.435
0.29,0.43,1.0,0.291,0.434
0.287,0.426,1.0,0.29,0.43
0.271,0.423,0.0,0.287,0.426
0.282,0.417,0.0,0.271,0.423
0.285,0.42,0.0,0.282,0.417
0.281,0.41,0.0,0.285,0.42
0.286,0.424,0.0,0.281,0.41
0.286,0.429,0.0,0.286,0.424
0.292,0.439,0.0,0.286,0.429
0.295,0.466,0.0,0.292,0.439
0.295,0.471,0.0,0.295,0.466
0.293,0.46,0.0,0.295,0.471
0.302,0.455,0.0,0.293,0.46
0.309,0.452,0.0,0.302,0.455
0.298,0.461,0.0,0.309,0.452
0.287,0.473,0.0,0.298,0.461
0.284,0.464,0.0,0.287,0.473
0.287,0.444,0.0,0.284,0.464
0.287,0.443,0.0,0.287,0.444
0.293,0.447,1.0,0.287,0.443
0.304,0.452,0.0,0.293,0.447
0.295,0.456,0.0,0.304,0.452
0.296,0.452,1.0,0.295,0.456
0.292,0.456,1.0,0.296,0.452
0.296,0.46,0.0,0.292,0.456
0.296,0.454,1.0,0.296,0.46
0.277,0.462,1.0,0.296,0.454
0.278,0.46,0.0,0.277,0.462
0.285,0.46,1.0,0.278,0.46
0.289,0.461,0.0,0.285,0.46
0.301,0.469,1.0,0.289,0.461
0.301,0.472,0.0,0.301,0.469
0.305,0.468,1.0,0.301,0.472
0.299,0.474,1.0,0.305,0.468
0.292,0.465,1.0,0.299,0.474
0.288,0.468,2.0,0.292,0.465
0.292,0.453,2.0,0.288,0.468
0.296,0.471,2.0,0.292,0.453
0.302,0.465,2.0,0.296,0.471
0.318,0.467,1.0,0.302,0.465
0.322,0.455,1.0,0.318,0.467
0.313,0.46,1.0,0.322,0.455
0.318,0.475,1.0,0.313,0.46
0.325,0.484,1.0,0.318,0.475
0.321,0.483,1.0,0.325,0.484
0.335,0.494,0.0,0.321,0.483
0.333,0.478,0.0,0.335,0.494
0.32,0.476,0.0,0.333,0.478
0.301,0.469,1.0,0.32,0.476
0.298,0.466,1.0,0.301,0.469
0.29,0.469,0.0,0.298,0.466
0.296,0.46,0.0,0.29,0.469
0.301,0.434,0.0,0.296,0.46
0.295,0.43,0.0,0.301,0.434
0.295,0.427,0.0,0.295,0.43
0.288,0.419,0.0,0.295,0.427
0.282,0.426,0.0,0.288,0.419
0.295,0.42,0.0,0.282,0.426
0.297,0.445,0.0,0.295,0.42
0.303,0.452,0.0,0.297,0.445
0.284,0.438,0.0,0.303,0.452
0.296,0.459,1.0,0.284,0.438
0.302,0.474,0.0,0.296,0.459
0.315,0.478,1.0,0.302,0.474
0.307,0.471,1.0,0.315,0.478
0.293,0.468,1.0,0.307,0.471
0.303,0.473,1.0,0.293,0.468
0.301,0.465,0.0,0.303,0.473
0.297,0.466,0.0,0.301,0.465
0.304,0.457,0.0,0.297,0.466
0.31,0.466,0.0,0.304,0.457
0.3,0.437,0.0,0.31,0.466
0.289,0.428,0.0,0.3,0.437
0.3,0.424,0.0,0.289,0.428
0.304,0.42,0.0,0.3,0.424
0.298,0.432,0.0,0.304,0.42
0.307,0.432,0.0,0.298,0.432
0.305,0.428,0.0,0.307,0.432
0.304,0.434,0.0,0.305,0.428
0.311,0.433,0.0,0.304,0.434
0.302,0.437,0.0,0.311,0.433
0.306,0.439,0.0,0.302,0.437
0.303,0.437,0.0,0.306,0.439
0.29,0.423,1.0,0.303,0.437
0.286,0.419,0.0,0.29,0.423
0.285,0.421,0.0,0.286,0.419
0.286,0.423,1.0,0.285,0.421
0.299,0.426,0.0,0.286,0.423
0.305,0.438,0.0,0.299,0.426
0.313,0.433,1.0,0.305,0.438
0.312,0.433,0.0,0.313,0.433
0.331,0.439,0.0,0.312,0.433
0.298,0.447,0.0,0.331,0.439
0.302,0.461,0.0,0.298,0.447
0.304,0.467,0.0,0.302,0.461
0.292,0.475,0.0,0.304,0.467
0.296,0.465,0.0,0.292,0.475
0.294,0.454,1.0,0.296,0.465
0.292,0.46,0.0,0.294,0.454
0.298,0.442,0.0,0.292,0.46
0.297,0.442,0.0,0.298,0.442
0.295,0.452,1.0,0.297,0.442
0.303,0.445,0.0,0.295,0.452
0.301,0.439,0.0,0.303,0.445
0.29,0.44,2.0,0.301,0.439
0.309,0.443,0.0,0.29,0.44
0.32,0.451,1.0,0.309,0.443
0.313,0.448,0.0,0.32,0.451
0.312,0.437,0.0,0.313,0.448
0.3,0.45,0.0,0.312,0.437
0.287,0.466,0.0,0.3,0.45
0.291,0.452,0.0,0.287,0.466
0.288,0.45,0.0,0.291,0.452
0.285,0.459,0.0,0.288,0.45
0.281,0.46,0.0,0.285,0.459
0.29,0.462,0.0,0.281,0.46
0.293,0.466,0.0,0.29,0.462
0.295,0.454,0.0,0.293,0.466
0.288,0.433,0.0,0.295,0.454
0.293,0.457,0.0,0.288,0.433
0.286,0.462,0.0,0.293,0.457
0.293,0.448,1.0,0.286,0.462
0.293,0.452,1.0,0.293,0.448
0.291,0.452,0.0,0.293,0.452
0.283,0.443,0.0,0.291,0.452
0.281,0.443,0.0,0.283,0.443
0.274,0.441,0.0,0.281,0.443
0.28,0.437,0.0,0.274,0.441
0.281,0.435,0.0,0.28,0.437
0.281,0.423,0.0,0.281,0.435
0.277,0.424,1.0,0.281,0.423
0.282,0.426,2.0,0.277,0.424
0.277,0.443,2.0,0.282,0.426
0.287,0.442,2.0,0.277,0.443
0.288,0.45,2.0,0.287,0.442
0.296,0.437,2.0,0.288,0.45
0.297,0.44,2.0,0.296,0.437
0.29,0.444,1.0,0.297,0.44
0.292,0.453,1.0,0.29,0.444
0.289,0.45,0.0,0.292,0.453
0.285,0.438,0.0,0.289,0.45
0.31,0.457,0.0,0.285,0.438
0.317,0.443,0.0,0.31,0.457
0.309,0.444,0.0,0.317,0.443
0.312,0.452,0.0,0.309,0.444
0.315,0.446,0.0,0.312,0.452
0.306,0.455,0.0,0.315,0.446
0.294,0.443,0.0,0.306,0.455
0.303,0.45,0.0,0.294,0.443
0.305,0.44,0.0,0.303,0.45
0.293,0.453,0.0,0.305,0.44
0.298,0.447,0.0,0.293,0.453
0.279,0.445,0.0,0.298,0.447
0.282,0.454,0.0,0.279,0.445
0.297,0.457,0.0,0.282,0.454
0.293,0.461,0.0,0.297,0.457
0.291,0.457,0.0,0.293,0.461
0.301,0.461,0.0,0.291,0.457
0.304,0.466,0.0,0.301,0.461
0.311,0.455,0.0,0.304,0.466
0.306,0.455,1.0,0.311,0.455
0.309,0.458,0.0,0.306,0.455
0.312,0.453,1.0,0.309,0.458
0.305,0.456,0.0,0.312,0.453
0.314,0.451,0.0,0.305,0.456
0.3,0.45,1.0,0.314,0.451
0.294,0.455,1.0,0.3,0.45
0.288,0.451,0.0,0.294,0.455
0.291,0.453,1.0,0.288,0.451
0.29,0.458,1.0,0.291,0.453
0.292,0.448,1.0,0.29,0.458
0.29,0.457,1.0,0.292,0.448
0.282,0.45,1.0,0.29,0.457
0.295,0.434,1.0,0.282,0.45
0.285,0.43,0.0,0.295,0.434
0.284,0.42,0.0,0.285,0.43
0.293,0.419,0.0,0.284,0.42
0.292,0.426,0.0,0.293,0.419
0.285,0.425,0.0,0.292,0.426
0.299,0.424,0.0,0.285,0.425
0.315,0.416,0.0,0.299,0.424
0.292,0.411,0.0,0.315,0.416
0.299,0.429,0.0,0.292,0.411
0.29,0.437,0.0,0.299,0.429
0.292,0.444,0.0,0.29,0.437
0.286,0.465,0.0,0.292,0.444
0.281,0.467,0.0,0.286,0.465
0.3,0.48,1.0,0.281,0.467
0.299,0.488,1.0,0.3,0.48
0.291,0.505,0.0,0.299,0.488
0.29,0.503,1.0,0.291,0.505
0.289,0.494,2.0,0.29,0.503
0.293,0.492,2.0,0.289,0.494
0.288,0.472,1.0,0.293,0.492
0.286,0.468,1.0,0.288,0.472
0.281,0.463,1.0,0.286,0.468
0.287,0.465,1.0,0.281,0.463
0.288,0.47,1.0,0.287,0.465
0.283,0.473,0.0,0.288,0.47
0.278,0.46,0.0,0.283,0.473
0.288,0.446,0.0,0.278,0.46
0.296,0.428,1.0,0.288,0.446
0.299,0.428,2.0,0.296,0.428
0.295,0.444,2.0,0.299,0.428
0.322,0.458,2.0,0.295,0.444
0.344,0.483,2.0,0.322,0.458
0.331,0.492,2.0,0.344,0.483
0.331,0.504,2.0,0.331,0.492
0.326,0.513,2.0,0.331,0.504
0.331,0.523,2.0,0.326,0.513
0.334,0.52,2.0,0.331,0.523
0.333,0.522,2.0,0.334,0.52
0.349,0.52,2.0,0.333,0.522
0.34,0.525,2.0,0.349,0.52
0.34,0.509,2.0,0.34,0.525
0.329,0.516,2.0,0.34,0.509
0.34,0.508,2.0,0.329,0.516
0.334,0.507,2.0,0.34,0.508
0.33,0.492,2.0,0.334,0.507
0.311,0.485,2.0,0.33,0.492
0.33,0.5,1.0,0.311,0.485
0.324,0.498,2.0,0.33,0.5
0.313,0.505,1.0,0.324,0.498
0.316,0.508,1.0,0.313,0.505
0.312,0.499,1.0,0.316,0.508
0.295,0.471,1.0,0.312,0.499
0.287,0.474,1.0,0.295,0.471
0.288,0.473,2.0,0.287,0.474
0.283,0.488,1.0,0.288,0.473
0.273,0.497,0.0,0.283,0.488
0.272,0.471,0.0,0.273,0.497
0.268,0.469,0.0,0.272,0.471
0.277,0.451,0.0,0.268,0.469
0.277,0.438,0.0,0.277,0.451
0.271,0.436,1.0,0.277,0.438
0.285,0.43,0.0,0.271,0.436
0.291,0.432,1.0,0.285,0.43
0.298,0.436,0.0,0.291,0.432
0.293,0.442,0.0,0.298,0.436
0.296,0.435,0.0,0.293,0.442
0.293,0.426,0.0,0.296,0.435
0.294,0.423,0.0,0.293,0.426
0.3,0.422,0.0,0.294,0.423
0.282,0.424,0.0,0.3,0.422
0.28,0.411,0.0,0.282,0.424
0.273,0.413,0.0,0.28,0.411
0.27,0.404,0.0,0.273,0.413
0.277,0.395,0.0,0.27,0.404
0.277,0.39,0.0,0.277,0.395
0.28,0.386,0.0,0.277,0.39
0.275,0.399,0.0,0.28,0.386
0.278,0.417,0.0,0.275,0.399
0.279,0.421,0.0,0.278,0.417
0.279,0.408,0.0,0.279,0.421
0.281,0.43,0.0,0.279,0.408
0.278,0.438,0.0,0.281,0.43
0.274,0.457,0.0,0.278,0.438
0.281,0.464,0.0,0.274,0.457
0.28,0.465,0.0,0.281,0.464
0.275,0.466,0.0,0.28,0.465
0.273,0.463,0.0,0.275,0.466
0.283,0.459,0.0,0.273,0.463
0.279,0.46,0.0,0.283,0.459
0.276,0.457,0.0,0.279,0.46
0.27,0.451,0.0,0.276,0.457
0.275,0.459,0.0,0.27,0.451
0.271,0.455,0.0,0.275,0.459
0.277,0.442,0.0,0.271,0.455
0.281,0.441,0.0,0.277,0.442
0.281,0.445,0.0,0.281,0.441
0.289,0.444,0.0,0.281,0.445
0.283,0.436,0.0,0.289,0.444
0.28,0.438,0.0,0.283,0.436
0.279,0.455,0.0,0.28,0.438
0.272,0.465,0.0,0.279,0.455
0.281,0.454,0.0,0.272,0.465
0.269,0.453,0.0,0.281,0.454
0.273,0.444,0.0,0.269,0.453
0.281,0.449,0.0,0.273,0.444
0.274,0.444,0.0,0.281,0.449
0.275,0.444,0.0,0.274,0.444
0.272,0.435,0.0,0.275,0.444
0.278,0.438,0.0,0.272,0.435
0.288,0.424,0.0,0.278,0.438
0.281,0.416,0.0,0.288,0.424
0.284,0.431,0.0,0.281,0.416
0.273,0.433,0.0,0.284,0.431
0.272,0.43,0.0,0.273,0.433
0.268,0.427,0.0,0.272,0.43
0.281,0.444,0.0,0.268,0.427
0.276,0.434,0.0,0.281,0.444
0.298,0.429,0.0,0.276,0.434
0.301,0.448,0.0,0.298,0.429
0.3,0.472,0.0,0.301,0.448
0.301,0.463,0.0,0.3,0.472
0.286,0.442,0.0,0.301,0.463
0.28,0.437,0.0,0.286,0.442
0.28,0.441,0.0,0.28,0.437
0.282,0.447,0.0,0.28,0.441
0.272,0.431,0.0,0.282,0.447
0.277,0.432,0.0,0.272,0.431
0.268,0.432,0.0,0.277,0.432
0.271,0.419,0.0,0.268,0.432
0.277,0.386,0.0,0.271,0.419
0.275,0.402,0.0,0.277,0.386
0.28,0.421,0.0,0.275,0.402
0.279,0.431,0.0,0.28,0.421
0.274,0.429,0.0,0.279,0.431
0.279,0.437,0.0,0.274,0.429
0.275,0.431,0.0,0.279,0.437
0.294,0.43,0.0,0.275,0.431
0.286,0.427,0.0,0.294,0.43
0.281,0.441,0.0,0.286,0.427
0.281,0.452,0.0,0.281,0.441
0.279,0.457,0.0,0.281,0.452
0.279,0.449,0.0,0.279,0.457
0.284,0.444,0.0,0.279,0.449
0.291,0.451,0.0,0.284,0.444
0.278,0.454,0.0,0.291,0.451
0.274,0.47,0.0,0.278,0.454
0.28,0.479,0.0,0.274,0.47
0.273,0.487,0.0,0.28,0.479
0.273,0.474,0.0,0.273,0.487
0.283,0.473,0.0,0.273,0.474
0.282,0.463,0.0,0.283,0.473
0.295,0.454,0.0,0.282,0.463
0.309,0.455,0.0,0.295,0.454
0.33,0.445,0.0,0.309,0.455
0.325,0.453,0.0,0.33,0.445
0.319,0.43,0.0,0.325,0.453
0.312,0.407,0.0,0.319,0.43
0.307,0.398,0.0,0.312,0.407
0.304,0.406,0.0,0.307,0.398
0.286,0.405,0.0,0.304,0.406
0.282,0.408,0.0,0.286,0.405
0.277,0.406,0.0,0.282,0.408
0.266,0.397,0.0,0.277,0.406
0.268,0.396,0.0,0.266,0.397
0.265,0.397,0.0,0.268,0.396
0.265,0.398,0.0,0.265,0.397
0.262,0.405,0.0,0.265,0.398
0.269,0.406,0.0,0.262,0.405
0.279,0.409,0.0,0.269,0.406
0.274,0.403,0.0,0.279,0.409
0.27,0.401,0.0,0.274,0.403
0.268,0.415,0.0,0.27,0.401
0.272,0.424,0.0,0.268,0.415
0.266,0.438,0.0,0.272,0.424
0.267,0.436,0.0,0.266,0.438
0.273,0.43,0.0,0.267,0.436
0.272,0.432,0.0,0.273,0.43
0.267,0.424,0.0,0.272,0.432
0.272,0.426,0.0,0.267,0.424
0.276,0.433,0.0,0.272,0.426
0.267,0.441,0.0,0.276,0.433
0.275,0.44,0.0,0.267,0.441
0.273,0.424,0.0,0.275,0.44
0.277,0.425,0.0,0.273,0.424
0.272,0.409,0.0,0.277,0.425
0.275,0.413,0.0,0.272,0.409
0.27,0.41,0.0,0.275,0.413
0.283,0.412,0.0,0.27,0.41
0.289,0.42,0.0,0.283,0.412
0.27,0.427,0.0,0.289,0.42
0.267,0.434,0.0,0.27,0.427
0.274,0.436,0.0,0.267,0.434
0.277,0.45,0.0,0.274,0.436
0.274,0.461,0.0,0.277,0.45
0.272,0.449,0.0,0.274,0.461
0.266,0.472,0.0,0.272,0.449
0.268,0.473,0.0,0.266,0.472
0.27,0.483,0.0,0.268,0.473
0.283,0.48,0.0,0.27,0.483
0.283,0.48,0.0,0.283,0.48
0.282,0.474,0.0,0.283,0.48
0.273,0.463,0.0,0.282,0.474
0.275,0.457,0.0,0.273,0.463
0.269,0.44,0.0,0.275,0.457
0.283,0.438,0.0,0.269,0.44
0.281,0.402,0.0,0.283,0.438
0.278,0.399,0.0,0.281,0.402
0.286,0.392,0.0,0.278,0.399
0.284,0.391,0.0,0.286,0.392
0.273,0.385,0.0,0.284,0.391
0.261,0.383,0.0,0.273,0.385
0.267,0.373,0.0,0.261,0.383
0.268,0.371,0.0,0.267,0.373
0.266,0.376,0.0,0.268,0.371
0.272,0.385,0.0,0.266,0.376
0.272,0.396,0.0,0.272,0.385
0.278,0.408,0.0,0.272,0.396
0.277,0.402,0.0,0.278,0.408
0.274,0.402,0.0,0.277,0.402
0.274,0.398,0.0,0.274,0.402
0.277,0.404,0.0,0.274,0.398
0.27,0.413,0.0,0.277,0.404
0.271,0.423,0.0,0.27,0.413
0.279,0.424,0.0,0.271,0.423
0.27,0.421,0.0,0.279,0.424
0.278,0.419,0.0,0.27,0.421
0.268,0.412,0.0,0.278,0.419
0.28,0.413,0.0,0.268,0.412
0.28,0.425,0.0,0.28,0.413
0.276,0.424,0.0,0.28,0.425
0.28,0.427,0.0,0.276,0.424
0.278,0.421,0.0,0.28,0.427
0.276,0.427,0.0,0.278,0.421
0.272,0.418,0.0,0.276,0.427
0.281,0.417,0.0,0.272,0.418
0.276,0.42,0.0,0.281,0.417
0.282,0.421,0.0,0.276,0.42
0.273,0.431,0.0,0.282,0.421
0.277,0.428,0.0,0.273,0.431
0.273,0.431,0.0,0.277,0.428
0.282,0.448,0.0,0.273,0.431
0.275,0.442,0.0,0.282,0.448
0.274,0.433,0.0,0.275,0.442
0.263,0.428,0.0,0.274,0.433
0.264,0.437,0.0,0.263,0.428
0.26,0.428,0.0,0.264,0.437
0.271,0.422,0.0,0.26,0.428
0.265,0.421,0.0,0.271,0.422
0.268,0.416,0.0,0.265,0.421
0.269,0.413,0.0,0.268,0.416
0.266,0.393,0.0,0.269,0.413
0.272,0.384,0.0,0.266,0.393
0.283,0.387,0.0,0.272,0.384
0.278,0.393,0.0,0.283,0.387
0.287,0.389,0.0,0.278,0.393
0.285,0.4,0.0,0.287,0.389
0.288,0.411,0.0,0.285,0.4
0.291,0.409,0.0,0.288,0.411
0.287,0.414,0.0,0.291,0.409
0.284,0.416,0.0,0.287,0.414
0.294,0.428,0.0,0.284,0.416
0.288,0.442,0.0,0.294,0.428
0.284,0.445,0.0,0.288,0.442
0.281,0.438,0.0,0.284,0.445
0.293,0.427,0.0,0.281,0.438
0.295,0.435,0.0,0.293,0.427
0.297,0.429,0.0,0.295,0.435
0.281,0.435,0.0,0.297,0.429
0.269,0.429,0.0,0.281,0.435
0.27,0.426,0.0,0.269,0.429
0.277,0.429,0.0,0.27,0.426
0.278,0.428,0.0,0.277,0.429
0.281,0.438,0.0,0.278,0.428
0.285,0.437,0.0,0.281,0.438
0.3,0.445,0.0,0.285,0.437
0.301,0.441,0.0,0.3,0.445
0.309,0.43,0.0,0.301,0.441
0.288,0.449,0.0,0.309,0.43
0.293,0.45,0.0,0.288,0.449
0.293,0.458,0.0,0.293,0.45
0.287,0.454,0.0,0.293,0.458
0.277,0.441,0.0,0.287,0.454
0.272,0.434,0.0,0.277,0.441
0.272,0.433,0.0,0.272,0.434
0.276,0.438,0.0,0.272,0.433
0.283,0.449,0.0,0.276,0.438
0.274,0.462,0.0,0.283,0.449
0.275,0.47,0.0,0.274,0.462
0.274,0.47,0.0,0.275,0.47
0.277,0.462,0.0,0.274,0.47
0.279,0.467,0.0,0.277,0.462
0.279,0.469,0.0,0.279,0.467
0.274,0.477,0.0,0.279,0.469
0.275,0.475,0.0,0.274,0.477
0.278,0.475,0.0,0.275,0.475
0.279,0.483,0.0,0.278,0.475
0.27,0.468,0.0,0.279,0.483
0.276,0.483,0.0,0.27,0.468
0.264,0.469,0.0,0.276,0.483
0.265,0.462,0.0,0.264,0.469
0.263,0.463,0.0,0.265,0.462
0.267,0.467,1.0,0.263,0.463
0.274,0.468,1.0,0.267,0.467
0.272,0.472,1.0,0.274,0.468
0.272,0.461,1.0,0.272,0.472
0.276,0.452,0.0,0.272,0.461
0.279,0.442,0.0,0.276,0.452
0.274,0.439,0.0,0.279,0.442
0.28,0.409,0.0,0.274,0.439
0.278,0.412,0.0,0.28,0.409
0.276,0.431,0.0,0.278,0.412
0.275,0.442,0.0,0.276,0.431
0.273,0.438,0.0,0.275,0.442
0.268,0.435,0.0,0.273,0.438
0.276,0.432,0.0,0.268,0.435
0.276,0.429,0.0,0.276,0.432
0.28,0.436,0.0,0.276,0.429
0.275,0.434,0.0,0.28,0.436
0.261,0.45,0.0,0.275,0.434
0.269,0.452,0.0,0.261,0.45
0.274,0.463,0.0,0.269,0.452
0.272,0.451,0.0,0.274,0.463
0.27,0.452,0.0,0.272,0.451
0.281,0.447,0.0,0.27,0.452
0.29,0.446,0.0,0.281,0.447
0.28,0.452,0.0,0.29,0.446
0.282,0.481,0.0,0.28,0.452
0.289,0.476,0.0,0.282,0.481
0.284,0.472,0.0,0.289,0.476
0.287,0.47,0.0,0.284,0.472
0.287,0.465,0.0,0.287,0.47
0.291,0.441,0.0,0.287,0.465
0.286,0.46,0.0,0.291,0.441
0.292,0.471,0.0,0.286,0.46
0.292,0.477,0.0,0.292,0.471
0.29,0.496,1.0,0.292,0.477
0.28,0.49,1.0,0.29,0.496
0.286,0.485,1.0,0.28,0.49
0.287,0.481,1.0,0.286,0.485
0.289,0.492,0.0,0.287,0.481
0.293,0.493,0.0,0.289,0.492
0.298,0.488,1.0,0.293,0.493
0.308,0.47,0.0,0.298,0.488
0.308,0.498,1.0,0.308,0.47
0.286,0.49,0.0,0.308,0.498
0.297,0.484,1.0,0.286,0.49
0.29,0.472,0.0,0.297,0.484
0.297,0.475,1.0,0.29,0.472
0.291,0.472,0.0,0.297,0.475
0.291,0.474,0.0,0.291,0.472
0.287,0.477,0.0,0.291,0.474
0.291,0.485,0.0,0.287,0.477
0.29,0.506,0.0,0.291,0.485
0.295,0.497,0.0,0.29,0.506
0.296,0.463,0.0,0.295,0.497
0.285,0.489,0.0,0.296,0.463
0.287,0.482,0.0,0.285,0.489
0.285,0.485,0.0,0.287,0.482
0.28,0.469,0.0,0.285,0.485
0.274,0.48,0.0,0.28,0.469
0.27,0.47,0.0,0.274,0.48
0.269,0.451,1.0,0.27,0.47
0.268,0.441,0.0,0.269,0.451
0.282,0.432,0.0,0.268,0.441
0.281,0.454,1.0,0.282,0.432
0.283,0.446,1.0,0.281,0.454
0.28,0.441,0.0,0.283,0.446
0.284,0.425,0.0,0.28,0.441
0.284,0.436,1.0,0.284,0.425
0.287,0.444,1.0,0.284,0.436
0.282,0.439,0.0,0.287,0.444
0.28,0.467,0.0,0.282,0.439
0.279,0.469,0.0,0.28,0.467
0.282,0.469,0.0,0.279,0.469
0.284,0.454,0.0,0.282,0.469
0.289,0.444,0.0,0.284,0.454
0.284,0.434,0.0,0.289,0.444
0.282,0.45,0.0,0.284,0.434
0.289,0.44,0.0,0.282,0.45
0.272,0.443,0.0,0.289,0.44
0.303,0.434,0.0,0.272,0.443
0.301,0.433,0.0,0.303,0.434
0.291,0.424,0.0,0.301,0.433
0.283,0.454,0.0,0.291,0.424
0.272,0.449,0.0,0.283,0.454
0.27,0.44,0.0,0.272,0.449
0.267,0.443,0.0,0.27,0.44
0.268,0.436,0.0,0.267,0.443
0.27,0.434,0.0,0.268,0.436
0.275,0.426,0.0,0.27,0.434
0.276,0.43,0.0,0.275,0.426
0.277,0.424,0.0,0.276,0.43
0.272,0.42,0.0,0.277,0.424
0.278,0.402,0.0,0.272,0.42
0.28,0.398,0.0,0.278,0.402
0.274,0.401,0.0,0.28,0.398
0.269,0.407,0.0,0.274,0.401
0.27,0.403,0.0,0.269,0.407
0.268,0.417,0.0,0.27,0.403
0.274,0.42,0.0,0.268,0.417
0.267,0.435,0.0,0.274,0.42
0.281,0.429,0.0,0.267,0.435
0.283,0.438,0.0,0.281,0.429
0.272,0.438,0.0,0.283,0.438
0.27,0.439,0.0,0.272,0.438
0.275,0.471,0.0,0.27,0.439
0.271,0.47,0.0,0.275,0.471
0.266,0.481,0.0,0.271,0.47
0.264,0.461,0.0,0.266,0.481
0.275,0.459,0.0,0.264,0.461
0.283,0.46,0.0,0.275,0.459
0.287,0.451,0.0,0.283,0.46
0.291,0.448,0.0,0.287,0.451
0.293,0.44,0.0,0.291,0.448
0.303,0.428,0.0,0.293,0.44
0.307,0.437,0.0,0.303,0.428
0.315,0.423,0.0,0.307,0.437
0.298,0.43,0.0,0.315,0.423
0.29,0.438,0.0,0.298,0.43
0.282,0.452,0.0,0.29,0.438
0.272,0.439,0.0,0.282,0.452
0.269,0.435,0.0,0.272,0.439
0.272,0.444,0.0,0.269,0.435
0.278,0.453,0.0,0.272,0.444
0.269,0.449,0.0,0.278,0.453
0.292,0.444,0.0,0.269,0.449
0.282,0.436,0.0,0.292,0.444
0.283,0.435,0.0,0.282,0.436
0.278,0.423,0.0,0.283,0.435
0.288,0.42,0.0,0.278,0.423
0.303,0.432,0.0,0.288,0.42
0.297,0.442,0.0,0.303,0.432
0.289,0.432,0.0,0.297,0.442
0.282,0.428,0.0,0.289,0.432
0.273,0.418,0.0,0.282,0.428
0.266,0.415,0.0,0.273,0.418
0.256,0.425,0.0,0.266,0.415
0.268,0.419,0.0,0.256,0.425
0.264,0.425,0.0,0.268,0.419
0.259,0.427,0.0,0.264,0.425
0.266,0.426,0.0,0.259,0.427
0.272,0.426,0.0,0.266,0.426
0.27,0.434,0.0,0.272,0.426
0.27,0.424,0.0,0.27,0.434
0.272,0.42,0.0,0.27,0.424
0.271,0.43,0.0,0.272,0.42
0.28,0.429,0.0,0.271,0.43
0.268,0.445,0.0,0.28,0.429
0.266,0.445,0.0,0.268,0.445
0.255,0.461,0.0,0.266,0.445
0.26,0.457,0.0,0.255,0.461
0.261,0.468,0.0,0.26,0.457
0.262,0.49,0.0,0.261,0.468
0.266,0.495,0.0,0.262,0.49
0.288,0.499,0.0,0.266,0.495
0.282,0.5,0.0,0.288,0.499
0.282,0.515,0.0,0.282,0.5
0.29,0.491,0.0,0.282,0.515
0.289,0.483,0.0,0.29,0.491
0.292,0.479,0.0,0.289,0.483
0.294,0.462,0.0,0.292,0.479
0.291,0.457,0.0,0.294,0.462
0.283,0.438,0.0,0.291,0.457
0.274,0.442,0.0,0.283,0.438
0.263,0.431,0.0,0.274,0.442
0.266,0.429,0.0,0.263,0.431
0.272,0.438,0.0,0.266,0.429
0.269,0.433,0.0,0.272,0.438
0.269,0.434,0.0,0.269,0.433
0.273,0.417,0.0,0.269,0.434
0.276,0.42,0.0,0.273,0.417
0.268,0.409,0.0,0.276,0.42
0.269,0.413,0.0,0.268,0.409
0.27,0.409,0.0,0.269,0.413
0.27,0.419,0.0,0.27,0.409
0.276,0.422,0.0,0.27,0.419
0.282,0.419,0.0,0.276,0.422
0.282,0.428,0.0,0.282,0.419
0.282,0.444,0.0,0.282,0.428
0.288,0.457,0.0,0.282,0.444
0.291,0.478,0.0,0.288,0.457
0.288,0.471,0.0,0.291,0.478
0.282,0.467,0.0,0.288,0.471
0.277,0.466,0.0,0.282,0.467
0.268,0.458,0.0,0.277,0.466
0.271,0.472,0.0,0.268,0.458
0.277,0.474,0.0,0.271,0.472
0.267,0.472,0.0,0.277,0.474
0.268,0.458,0.0,0.267,0.472
0.271,0.447,0.0,0.268,0.458
0.264,0.439,0.0,0.271,0.447
0.279,0.446,0.0,0.264,0.439
0.283,0.461,0.0,0.279,0.446
0.293,0.469,0.0,0.283,0.461
0.296,0.466,0.0,0.293,0.469
0.299,0.463,0.0,0.296,0.466
0.292,0.449,0.0,0.299,0.463
0.286,0.444,0.0,0.292,0.449
0.26,0.439,0.0,0.286,0.444
0.266,0.463,0.0,0.26,0.439
0.286,0.437,0.0,0.266,0.463
0.28,0.433,0.0,0.286,0.437
0.28,0.414,0.0,0.28,0.433
0.268,0.413,0.0,0.28,0.414
0.267,0.403,0.0,0.268,0.413
0.274,0.408,0.0,0.267,0.403
0.266,0.412,0.0,0.274,0.408
0.275,0.42,0.0,0.266,0.412
0.278,0.429,0.0,0.275,0.42
0.275,0.435,0.0,0.278,0.429
0.284,0.429,0.0,0.275,0.435
0.284,0.437,0.0,0.284,0.429
0.282,0.453,0.0,0.284,0.437
0.299,0.466,0.0,0.282,0.453
0.294,0.46,0.0,0.299,0.466
0.299,0.457,0.0,0.294,0.46
0.301,0.464,0.0,0.299,0.457
0.295,0.458,0.0,0.301,0.464
0.287,0.456,0.0,0.295,0.458
0.27,0.449,0.0,0.287,0.456
0.269,0.452,0.0,0.27,0.449
0.285,0.448,0.0,0.269,0.452
